{"freefaucet":{"usdt":{"claimcount":4,"balance":0.55815,"lastclaim":0.000300000000000078,"lastDone":1617326359743},"usdc":{"claimcount":4,"balance":0.56021694,"lastclaim":0.0003000899999999751,"lastDone":1617326378107},"bnb":{"claimcount":4,"balance":0.01470228,"lastclaim":8.600000000000968e-7,"lastDone":1617326397202},"btc":{"claimcount":4,"balance":0.0000431,"lastclaim":9.999999999994822e-9,"lastDone":1617326416513},"eth":{"claimcount":4,"balance":0.0010616,"lastclaim":1.4999999999997654e-7,"lastDone":1617326434435},"ada":{"claimcount":4,"balance":4.07829845,"lastclaim":0.0002533800000001918,"lastDone":1617326453443},"trx":{"claimcount":4,"balance":15.87110946,"lastclaim":0.003553239999998681,"lastDone":1617326471473},"dash":{"claimcount":4,"balance":0.00606451,"lastclaim":0.0000013100000000000264,"lastDone":1617326489482},"xrp":{"claimcount":4,"balance":1.9075121,"lastclaim":0.0005213799999999047,"lastDone":1617326507545},"xem":{"claimcount":4,"balance":3.99651293,"lastclaim":0.0008289600000002117,"lastDone":1617326526747},"steam":{"claimcount":4,"balance":0.55665,"lastclaim":0.00029999999999996696,"lastDone":1617326546424},"ltc":{"claimcount":4,"balance":0.00080488,"lastclaim":0.0000014900000000000416,"lastDone":1617326564550},"link":{"claimcount":4,"balance":0.00543724,"lastclaim":0.000010120000000000615,"lastDone":1617326583352},"neo":{"claimcount":4,"balance":0.01290928,"lastclaim":0.000019450000000000717,"lastDone":1617326603099}},"faucetcrypto":{"currentbalance":1,"ptc":{"claimcount":101,"totalearn":1679.5000000000005,"lastDone":1617150072425},"shortlink":{"claimcount":21,"totalearn":678.1400000000002,"lastDone":1617153193794},"faucet":{"claimcount":0,"totalearn":0,"lastDone":0}}}