{"freefaucet":{"usdt":{"claimcount":2,"balance":0.40035,"lastclaim":0.00029999999999996696,"lastDone":1614457893118},"usdc":{"claimcount":2,"balance":0.40271005,"lastclaim":0.0003000300000000067,"lastDone":1614457912865},"bnb":{"claimcount":2,"balance":0.0140862,"lastclaim":0.0000013100000000008938,"lastDone":1614457932298},"btc":{"claimcount":2,"balance":0.00003725,"lastclaim":9.999999999994822e-9,"lastDone":1614457956813},"eth":{"claimcount":2,"balance":0.00097018,"lastclaim":2.0000000000000486e-7,"lastDone":1614457978496},"ada":{"claimcount":2,"balance":3.94364582,"lastclaim":0.0002133699999999905,"lastDone":1614457999806},"trx":{"claimcount":2,"balance":12.9054137,"lastclaim":0.006266970000000427,"lastDone":1614458021868},"dash":{"claimcount":2,"balance":0.00535643,"lastclaim":0.0000013599999999997295,"lastDone":1614458044010},"xrp":{"claimcount":2,"balance":1.57133892,"lastclaim":0.0006674100000001459,"lastDone":1614458065625},"xem":{"claimcount":2,"balance":3.6641273,"lastclaim":0.000516970000000061,"lastDone":1614458088244},"steam":{"claimcount":2,"balance":0.40005,"lastclaim":0.00030000000000002247,"lastDone":1614458112723},"ltc":{"claimcount":2,"balance":0.00001452,"lastclaim":0.0000017000000000000007,"lastDone":1614458134012},"link":{"claimcount":2,"balance":0.00009409,"lastclaim":0.000011220000000000004,"lastDone":1614458161583},"neo":{"claimcount":2,"balance":0.00028124,"lastclaim":0.00002593999999999996,"lastDone":1614458185271}},"faucetcrypto":{"currentbalance":0,"ptc":{"claimcount":0,"totalearn":0,"lastDone":0},"shortlink":{"claimcount":0,"totalearn":0,"lastDone":0},"faucet":{"claimcount":0,"totalearn":0,"lastDone":0}}}