{"freefaucet":{"usdt":{"claimcount":3,"balance":0.39975,"lastclaim":0.00029999999999996696,"lastDone":1612832734434},"usdc":{"claimcount":3,"balance":0.40211002,"lastclaim":0.00030000000000002247,"lastDone":1612832741685},"bnb":{"claimcount":3,"balance":0.01408356,"lastclaim":0.000003670000000000756,"lastDone":1612832749101},"btc":{"claimcount":3,"balance":0.00003723,"lastclaim":1.0000000000001598e-8,"lastDone":1612832756557},"eth":{"claimcount":3,"balance":0.00096978,"lastclaim":1.6999999999996619e-7,"lastDone":1612832764140},"ada":{"claimcount":3,"balance":3.94322295,"lastclaim":0.00043847000000019065,"lastDone":1612832771598},"trx":{"claimcount":3,"balance":12.89281093,"lastclaim":0.007318859999999816,"lastDone":1612832779117},"dash":{"claimcount":3,"balance":0.00535366,"lastclaim":0.000002369999999999803,"lastDone":1612832786513},"xrp":{"claimcount":3,"balance":1.56999599,"lastclaim":0.0006602099999999389,"lastDone":1612832795054},"xem":{"claimcount":3,"balance":3.66306398,"lastclaim":0.0009179900000000352,"lastDone":1612832802395},"steam":{"claimcount":3,"balance":0.39945,"lastclaim":0.00030000000000002247,"lastDone":1612832809702},"ltc":{"claimcount":3,"balance":0.00001111,"lastclaim":0.0000017899999999999998,"lastDone":1612832817142},"link":{"claimcount":3,"balance":0.00007148,"lastclaim":0.000011840000000000002,"lastDone":1612832824470},"neo":{"claimcount":3,"balance":0.0002291,"lastclaim":0.000036980000000000015,"lastDone":1612832831882}},"faucetcrypto":{"ptccount":0,"shortlinkcount":0,"balance":0,"lastDone":0}}